IP 地址,已发送,已接收,丢包率,平均延迟,下载速度(MB/s),地区码
141.101.121.206,4,4,0.00,170.61,0.00,N/A
141.101.120.141,4,4,0.00,172.19,0.00,N/A
172.64.34.217,4,4,0.00,172.73,0.00,N/A
104.18.232.108,4,4,0.00,175.13,0.00,N/A
104.19.49.47,4,4,0.00,175.76,0.00,N/A
104.18.210.110,4,4,0.00,176.37,0.00,N/A
104.18.133.38,4,4,0.00,176.87,0.00,N/A
172.65.200.235,4,4,0.00,180.18,0.00,N/A
172.65.206.215,4,4,0.00,181.09,0.00,N/A
172.65.88.110,4,4,0.00,181.92,0.00,N/A
104.18.87.58,4,4,0.00,182.15,0.00,N/A
104.27.195.221,4,4,0.00,182.32,0.00,N/A
172.64.35.209,4,4,0.00,182.80,0.00,N/A
172.65.83.97,4,4,0.00,183.80,0.00,N/A
172.67.115.45,4,4,0.00,184.35,0.00,N/A
172.67.109.61,4,4,0.00,184.42,0.00,N/A
104.27.199.104,4,4,0.00,184.61,0.00,N/A
104.27.55.140,4,4,0.00,184.95,0.00,N/A
104.23.126.50,4,4,0.00,186.35,0.00,N/A
104.23.97.94,4,4,0.00,186.58,0.00,N/A
172.65.80.97,4,4,0.00,187.11,0.00,N/A
172.65.141.175,4,4,0.00,187.34,0.00,N/A
104.27.49.243,4,4,0.00,188.22,0.00,N/A
108.162.195.23,4,4,0.00,189.54,0.00,N/A
172.65.146.228,4,4,0.00,189.77,0.00,N/A
172.65.89.157,4,4,0.00,189.96,0.00,N/A
104.25.4.81,4,4,0.00,190.07,0.00,N/A
104.25.11.89,4,4,0.00,190.35,0.00,N/A
172.65.90.242,4,4,0.00,190.36,0.00,N/A
104.25.138.144,4,4,0.00,190.39,0.00,N/A
104.27.200.172,4,4,0.00,190.83,0.00,N/A
172.67.88.239,4,4,0.00,191.16,0.00,N/A
104.18.250.196,4,4,0.00,192.35,0.00,N/A
172.65.240.126,4,4,0.00,192.80,0.00,N/A
104.27.118.3,4,4,0.00,192.95,0.00,N/A
104.25.63.97,4,4,0.00,192.96,0.00,N/A
104.27.204.236,4,4,0.00,193.05,0.00,N/A
104.25.47.196,4,4,0.00,193.90,0.00,N/A
172.66.135.31,4,4,0.00,194.02,0.00,N/A
104.16.201.188,4,4,0.00,194.24,0.00,N/A
104.27.201.28,4,4,0.00,195.17,0.00,N/A
104.27.66.223,4,4,0.00,195.48,0.00,N/A
172.65.81.92,4,4,0.00,196.15,0.00,N/A
172.65.138.75,4,4,0.00,196.45,0.00,N/A
162.159.9.55,4,4,0.00,196.60,0.00,N/A
104.19.77.26,4,4,0.00,197.43,0.00,N/A
172.65.125.141,4,4,0.00,197.70,0.00,N/A
104.25.101.238,4,4,0.00,199.28,0.00,N/A
141.101.113.135,4,4,0.00,199.94,0.00,N/A
104.24.253.165,4,4,0.00,201.58,0.00,N/A
104.25.43.12,4,4,0.00,201.72,0.00,N/A
104.27.64.178,4,4,0.00,202.07,0.00,N/A
104.25.40.112,4,4,0.00,202.49,0.00,N/A
172.65.85.42,4,4,0.00,203.00,0.00,N/A
104.27.206.177,4,4,0.00,203.81,0.00,N/A
104.27.194.185,4,4,0.00,204.52,0.00,N/A
104.27.57.176,4,4,0.00,204.72,0.00,N/A
162.159.6.99,4,4,0.00,205.14,0.00,N/A
104.16.208.207,4,4,0.00,205.96,0.00,N/A
172.65.106.7,4,4,0.00,206.00,0.00,N/A
104.25.100.152,4,4,0.00,206.14,0.00,N/A
104.25.9.10,4,4,0.00,206.22,0.00,N/A
104.25.2.103,4,4,0.00,206.67,0.00,N/A
104.25.6.214,4,4,0.00,207.38,0.00,N/A
104.27.125.248,4,4,0.00,207.56,0.00,N/A
104.23.99.171,4,4,0.00,208.38,0.00,N/A
162.159.20.67,4,4,0.00,208.69,0.00,N/A
172.65.137.158,4,4,0.00,208.89,0.00,N/A
141.101.90.252,4,4,0.00,208.91,0.00,N/A
104.17.27.5,4,4,0.00,209.43,0.00,N/A
104.23.96.103,4,4,0.00,209.71,0.00,N/A
198.41.200.113,4,4,0.00,210.96,0.00,N/A
104.25.3.135,4,4,0.00,211.53,0.00,N/A
172.67.192.153,4,4,0.00,213.75,0.00,N/A
172.67.128.121,4,4,0.00,216.03,0.00,N/A
104.16.192.233,4,4,0.00,216.10,0.00,N/A
104.29.158.150,4,4,0.00,216.16,0.00,N/A
104.19.27.221,4,4,0.00,217.16,0.00,N/A
104.16.238.110,4,4,0.00,219.89,0.00,N/A
104.21.110.121,4,4,0.00,220.02,0.00,N/A
172.67.142.189,4,4,0.00,221.18,0.00,N/A
162.159.10.98,4,4,0.00,221.72,0.00,N/A
172.67.141.146,4,4,0.00,222.05,0.00,N/A
104.21.21.9,4,4,0.00,222.20,0.00,N/A
104.29.157.254,4,4,0.00,223.36,0.00,N/A
104.21.44.171,4,4,0.00,223.49,0.00,N/A
104.21.33.67,4,4,0.00,224.51,0.00,N/A
162.159.14.250,4,4,0.00,225.19,0.00,N/A
172.67.149.124,4,4,0.00,225.46,0.00,N/A
104.21.60.76,4,4,0.00,226.39,0.00,N/A
104.21.34.167,4,4,0.00,228.03,0.00,N/A
104.21.66.44,4,4,0.00,228.14,0.00,N/A
198.41.193.202,4,4,0.00,228.58,0.00,N/A
172.67.231.90,4,4,0.00,229.40,0.00,N/A
172.65.60.144,4,4,0.00,229.46,0.00,N/A
162.159.11.102,4,4,0.00,229.99,0.00,N/A
188.114.97.221,4,4,0.00,230.32,0.00,N/A
104.21.31.187,4,4,0.00,230.39,0.00,N/A
198.41.206.251,4,4,0.00,230.57,0.00,N/A
172.67.169.129,4,4,0.00,231.16,0.00,N/A
104.18.221.160,4,4,0.00,231.31,0.00,N/A
172.67.251.106,4,4,0.00,231.38,0.00,N/A
104.21.19.88,4,4,0.00,232.40,0.00,N/A
104.21.76.1,4,4,0.00,233.29,0.00,N/A
104.21.85.131,4,4,0.00,233.30,0.00,N/A
104.21.25.159,4,4,0.00,233.59,0.00,N/A
172.67.208.10,4,4,0.00,234.32,0.00,N/A
172.64.92.242,4,4,0.00,234.75,0.00,N/A
172.65.5.190,4,4,0.00,235.78,0.00,N/A
173.245.59.112,4,4,0.00,237.44,0.00,N/A
104.21.108.113,4,4,0.00,237.57,0.00,N/A
104.18.245.3,4,4,0.00,238.08,0.00,N/A
162.159.40.247,4,4,0.00,239.48,0.00,N/A
104.19.0.13,4,4,0.00,240.12,0.00,N/A
104.21.42.59,4,4,0.00,240.75,0.00,N/A
104.19.15.109,4,4,0.00,248.82,0.00,N/A
104.21.49.195,4,4,0.00,249.41,0.00,N/A
104.19.14.123,4,4,0.00,250.93,0.00,N/A
198.41.199.9,4,4,0.00,253.58,0.00,N/A
104.29.159.206,4,4,0.00,255.12,0.00,N/A
108.162.198.59,4,4,0.00,260.18,0.00,N/A
104.29.144.155,4,4,0.00,261.55,0.00,N/A
198.41.216.166,4,4,0.00,263.88,0.00,N/A
162.159.25.79,4,4,0.00,265.49,0.00,N/A
104.16.173.251,4,4,0.00,265.54,0.00,N/A
104.16.219.16,4,4,0.00,267.19,0.00,N/A
103.21.244.66,4,4,0.00,267.32,0.00,N/A
198.41.192.140,4,4,0.00,270.43,0.00,N/A
162.159.16.8,4,4,0.00,281.10,0.00,N/A
104.29.145.249,4,4,0.00,284.12,0.00,N/A
104.17.14.107,4,4,0.00,284.74,0.00,N/A
162.159.33.9,4,3,0.25,163.50,0.00,N/A
104.19.1.203,4,3,0.25,165.66,0.00,N/A
104.17.10.246,4,3,0.25,168.12,0.00,N/A
172.65.204.110,4,3,0.25,168.44,0.00,N/A
104.16.251.149,4,3,0.25,169.01,0.00,N/A
104.19.24.233,4,3,0.25,169.23,0.00,N/A
141.101.122.200,4,3,0.25,169.24,0.00,N/A
104.16.222.196,4,3,0.25,169.37,0.00,N/A
104.17.18.41,4,3,0.25,169.59,0.00,N/A
104.19.59.153,4,3,0.25,170.84,0.00,N/A
104.17.3.191,4,3,0.25,171.07,0.00,N/A
172.65.212.42,4,3,0.25,171.19,0.00,N/A
172.65.194.74,4,3,0.25,171.33,0.00,N/A
104.16.194.52,4,3,0.25,171.42,0.00,N/A
198.41.203.196,4,3,0.25,173.66,0.00,N/A
104.19.40.143,4,3,0.25,173.79,0.00,N/A
104.16.224.56,4,3,0.25,174.55,0.00,N/A
104.16.171.114,4,3,0.25,174.63,0.00,N/A
104.17.16.183,4,3,0.25,174.76,0.00,N/A
141.101.115.123,4,3,0.25,175.35,0.00,N/A
198.41.217.76,4,3,0.25,175.82,0.00,N/A
141.101.123.213,4,3,0.25,176.23,0.00,N/A
198.41.201.13,4,3,0.25,176.44,0.00,N/A
104.19.136.126,4,3,0.25,176.96,0.00,N/A
104.16.193.195,4,3,0.25,177.00,0.00,N/A
104.21.224.85,4,3,0.25,177.85,0.00,N/A
172.65.238.127,4,3,0.25,177.96,0.00,N/A
104.18.206.194,4,3,0.25,178.00,0.00,N/A
172.65.233.45,4,3,0.25,178.90,0.00,N/A
104.19.50.237,4,3,0.25,179.04,0.00,N/A
104.19.61.11,4,3,0.25,179.38,0.00,N/A
172.65.216.254,4,3,0.25,179.63,0.00,N/A
173.245.58.254,4,3,0.25,179.74,0.00,N/A
198.41.222.188,4,3,0.25,179.95,0.00,N/A
173.245.49.150,4,3,0.25,180.27,0.00,N/A
104.16.195.175,4,3,0.25,180.62,0.00,N/A
104.19.57.218,4,3,0.25,182.05,0.00,N/A
190.93.247.8,4,3,0.25,182.22,0.00,N/A
104.16.191.64,4,3,0.25,183.41,0.00,N/A
172.64.42.188,4,3,0.25,183.54,0.00,N/A
104.25.158.236,4,3,0.25,183.65,0.00,N/A
162.159.23.138,4,3,0.25,183.81,0.00,N/A
172.64.159.95,4,3,0.25,184.51,0.00,N/A
104.27.115.83,4,3,0.25,185.01,0.00,N/A
104.27.93.122,4,3,0.25,185.08,0.00,N/A
162.159.27.175,4,3,0.25,185.26,0.00,N/A
104.27.90.5,4,3,0.25,185.65,0.00,N/A
104.25.134.158,4,3,0.25,185.71,0.00,N/A
172.65.197.229,4,3,0.25,185.75,0.00,N/A
104.25.104.84,4,3,0.25,185.96,0.00,N/A
104.27.192.21,4,3,0.25,186.04,0.00,N/A
104.16.216.68,4,3,0.25,186.26,0.00,N/A
198.41.207.148,4,3,0.25,186.59,0.00,N/A
104.27.198.29,4,3,0.25,186.64,0.00,N/A
104.27.117.34,4,3,0.25,186.68,0.00,N/A
172.65.148.94,4,3,0.25,186.96,0.00,N/A
104.25.121.4,4,3,0.25,187.30,0.00,N/A
104.25.49.216,4,3,0.25,187.42,0.00,N/A
104.25.84.187,4,3,0.25,187.48,0.00,N/A
104.27.116.178,4,3,0.25,188.87,0.00,N/A
104.16.215.44,4,3,0.25,188.89,0.00,N/A
104.18.234.235,4,3,0.25,188.90,0.00,N/A
104.25.108.235,4,3,0.25,188.91,0.00,N/A
104.27.197.249,4,3,0.25,189.45,0.00,N/A
104.27.122.29,4,3,0.25,189.92,0.00,N/A
104.16.189.44,4,3,0.25,190.13,0.00,N/A
104.19.58.126,4,3,0.25,190.13,0.00,N/A
104.18.238.3,4,3,0.25,190.26,0.00,N/A
172.65.128.134,4,3,0.25,190.66,0.00,N/A
104.27.51.248,4,3,0.25,190.79,0.00,N/A
104.16.178.48,4,3,0.25,191.00,0.00,N/A
172.65.203.83,4,3,0.25,191.08,0.00,N/A
104.25.112.128,4,3,0.25,191.28,0.00,N/A
104.25.83.3,4,3,0.25,191.51,0.00,N/A
172.64.82.38,4,3,0.25,191.55,0.00,N/A
104.27.193.89,4,3,0.25,191.69,0.00,N/A
104.25.5.141,4,3,0.25,192.19,0.00,N/A
162.159.4.237,4,3,0.25,192.21,0.00,N/A
104.25.45.112,4,3,0.25,192.49,0.00,N/A
104.16.184.4,4,3,0.25,192.59,0.00,N/A
172.65.103.133,4,3,0.25,193.07,0.00,N/A
104.25.136.115,4,3,0.25,193.45,0.00,N/A
104.25.135.203,4,3,0.25,193.77,0.00,N/A
104.27.62.142,4,3,0.25,194.12,0.00,N/A
104.27.120.219,4,3,0.25,194.18,0.00,N/A
104.19.55.100,4,3,0.25,194.19,0.00,N/A
104.20.62.129,4,3,0.25,194.26,0.00,N/A
104.24.249.90,4,3,0.25,194.30,0.00,N/A
104.25.24.7,4,3,0.25,194.43,0.00,N/A
104.25.198.124,4,3,0.25,194.78,0.00,N/A
104.16.170.74,4,3,0.25,195.30,0.00,N/A
104.25.139.149,4,3,0.25,195.68,0.00,N/A
104.27.47.127,4,3,0.25,196.12,0.00,N/A
104.25.80.93,4,3,0.25,196.20,0.00,N/A
104.25.25.78,4,3,0.25,196.23,0.00,N/A
104.20.24.111,4,3,0.25,196.53,0.00,N/A
104.27.96.63,4,3,0.25,196.87,0.00,N/A
104.25.64.161,4,3,0.25,197.45,0.00,N/A
172.65.108.167,4,3,0.25,198.03,0.00,N/A
172.65.198.92,4,3,0.25,198.90,0.00,N/A
104.27.203.151,4,3,0.25,199.26,0.00,N/A
172.65.207.20,4,3,0.25,199.30,0.00,N/A
172.65.220.142,4,3,0.25,199.39,0.00,N/A
104.25.131.218,4,3,0.25,199.47,0.00,N/A
172.65.182.19,4,3,0.25,200.05,0.00,N/A
104.19.42.3,4,3,0.25,200.06,0.00,N/A
104.25.22.250,4,3,0.25,200.09,0.00,N/A
104.25.155.139,4,3,0.25,200.19,0.00,N/A
104.25.7.77,4,3,0.25,200.55,0.00,N/A
104.18.240.134,4,3,0.25,200.85,0.00,N/A
104.23.138.193,4,3,0.25,201.23,0.00,N/A
104.16.255.166,4,3,0.25,201.57,0.00,N/A
172.65.171.208,4,3,0.25,201.79,0.00,N/A
104.19.51.187,4,3,0.25,201.87,0.00,N/A
104.25.67.102,4,3,0.25,201.96,0.00,N/A
172.64.37.142,4,3,0.25,202.65,0.00,N/A
104.25.15.172,4,3,0.25,202.72,0.00,N/A
104.16.183.157,4,3,0.25,202.80,0.00,N/A
104.25.16.44,4,3,0.25,202.92,0.00,N/A
104.27.119.20,4,3,0.25,203.03,0.00,N/A
104.27.202.72,4,3,0.25,203.32,0.00,N/A
104.27.205.247,4,3,0.25,204.24,0.00,N/A
104.27.44.147,4,3,0.25,204.95,0.00,N/A
172.65.162.180,4,3,0.25,205.18,0.00,N/A
104.25.27.102,4,3,0.25,205.50,0.00,N/A
104.25.20.71,4,3,0.25,205.55,0.00,N/A
104.25.118.22,4,3,0.25,205.63,0.00,N/A
104.27.196.211,4,3,0.25,205.69,0.00,N/A
162.159.2.235,4,3,0.25,205.82,0.00,N/A
104.24.242.122,4,3,0.25,205.83,0.00,N/A
172.65.169.247,4,3,0.25,205.93,0.00,N/A
104.25.137.129,4,3,0.25,206.03,0.00,N/A
108.162.192.52,4,3,0.25,206.74,0.00,N/A
172.65.87.122,4,3,0.25,206.76,0.00,N/A
172.65.102.200,4,3,0.25,206.82,0.00,N/A
104.25.77.56,4,3,0.25,206.91,0.00,N/A
104.25.160.115,4,3,0.25,207.14,0.00,N/A
104.16.226.129,4,3,0.25,207.18,0.00,N/A
104.25.115.147,4,3,0.25,207.34,0.00,N/A
172.65.84.239,4,3,0.25,207.39,0.00,N/A
104.25.154.250,4,3,0.25,207.40,0.00,N/A
104.16.190.135,4,3,0.25,207.60,0.00,N/A
172.65.101.45,4,3,0.25,207.72,0.00,N/A
104.27.48.85,4,3,0.25,207.91,0.00,N/A
104.25.152.164,4,3,0.25,208.62,0.00,N/A
172.65.166.48,4,3,0.25,208.71,0.00,N/A
104.25.146.130,4,3,0.25,208.94,0.00,N/A
104.25.28.221,4,3,0.25,209.34,0.00,N/A
172.65.237.6,4,3,0.25,209.59,0.00,N/A
104.24.252.194,4,3,0.25,209.71,0.00,N/A
104.25.46.121,4,3,0.25,210.02,0.00,N/A
104.25.169.246,4,3,0.25,210.61,0.00,N/A
104.25.161.66,4,3,0.25,210.67,0.00,N/A
104.27.207.21,4,3,0.25,210.90,0.00,N/A
104.16.198.181,4,3,0.25,210.97,0.00,N/A
104.23.100.117,4,3,0.25,211.25,0.00,N/A
162.159.1.252,4,3,0.25,211.26,0.00,N/A
172.67.23.7,4,3,0.25,211.28,0.00,N/A
162.159.8.88,4,3,0.25,211.35,0.00,N/A
172.65.135.249,4,3,0.25,211.63,0.00,N/A
172.65.165.6,4,3,0.25,211.69,0.00,N/A
104.19.64.35,4,3,0.25,212.13,0.00,N/A
104.19.46.41,4,3,0.25,212.23,0.00,N/A
104.25.120.222,4,3,0.25,212.38,0.00,N/A
104.21.69.157,4,3,0.25,212.45,0.00,N/A
190.93.244.83,4,3,0.25,212.70,0.00,N/A
104.19.178.229,4,3,0.25,212.79,0.00,N/A
104.25.122.149,4,3,0.25,213.01,0.00,N/A
104.25.17.46,4,3,0.25,213.05,0.00,N/A
104.17.8.199,4,3,0.25,213.24,0.00,N/A
104.25.109.0,4,3,0.25,213.25,0.00,N/A
104.16.207.56,4,3,0.25,213.36,0.00,N/A
172.67.130.27,4,3,0.25,214.47,0.00,N/A
172.64.38.0,4,3,0.25,215.75,0.00,N/A
198.41.198.1,4,3,0.25,216.23,0.00,N/A
104.18.205.192,4,3,0.25,216.30,0.00,N/A
104.18.239.237,4,3,0.25,216.80,0.00,N/A
172.65.163.87,4,3,0.25,216.98,0.00,N/A
104.19.39.46,4,3,0.25,217.28,0.00,N/A
104.21.46.108,4,3,0.25,217.74,0.00,N/A
104.19.8.219,4,3,0.25,217.91,0.00,N/A
162.159.13.95,4,3,0.25,218.47,0.00,N/A
172.65.232.188,4,3,0.25,218.78,0.00,N/A
104.17.22.192,4,3,0.25,219.23,0.00,N/A
172.67.252.113,4,3,0.25,219.49,0.00,N/A
104.19.56.193,4,3,0.25,220.02,0.00,N/A
104.21.26.80,4,3,0.25,220.23,0.00,N/A
104.21.24.120,4,3,0.25,221.44,0.00,N/A
104.19.33.84,4,3,0.25,221.66,0.00,N/A
172.67.143.82,4,3,0.25,222.08,0.00,N/A
172.67.254.234,4,3,0.25,222.35,0.00,N/A
104.21.112.16,4,3,0.25,223.11,0.00,N/A
104.19.21.218,4,3,0.25,223.37,0.00,N/A
104.19.73.167,4,3,0.25,223.90,0.00,N/A
104.21.23.135,4,3,0.25,224.35,0.00,N/A
104.16.234.1,4,3,0.25,224.35,0.00,N/A
104.19.48.44,4,3,0.25,224.48,0.00,N/A
172.67.207.103,4,3,0.25,224.66,0.00,N/A
172.67.221.88,4,3,0.25,224.72,0.00,N/A
104.21.88.25,4,3,0.25,225.10,0.00,N/A
104.16.218.194,4,3,0.25,225.40,0.00,N/A
104.17.134.211,4,3,0.25,225.62,0.00,N/A
172.67.159.242,4,3,0.25,225.83,0.00,N/A
104.17.21.1,4,3,0.25,227.12,0.00,N/A
104.18.209.181,4,3,0.25,227.46,0.00,N/A
172.67.244.246,4,3,0.25,227.66,0.00,N/A
172.67.253.56,4,3,0.25,228.01,0.00,N/A
172.67.247.4,4,3,0.25,228.89,0.00,N/A
104.16.169.161,4,3,0.25,228.97,0.00,N/A
172.67.218.10,4,3,0.25,229.20,0.00,N/A
104.21.70.108,4,3,0.25,229.34,0.00,N/A
172.67.223.187,4,3,0.25,229.65,0.00,N/A
172.65.213.174,4,3,0.25,230.05,0.00,N/A
104.21.43.192,4,3,0.25,230.10,0.00,N/A
104.21.14.60,4,3,0.25,230.30,0.00,N/A
172.67.241.43,4,3,0.25,230.34,0.00,N/A
104.17.33.86,4,3,0.25,231.27,0.00,N/A
172.67.140.236,4,3,0.25,231.73,0.00,N/A
104.19.36.71,4,3,0.25,232.24,0.00,N/A
104.18.204.121,4,3,0.25,232.55,0.00,N/A
172.67.199.61,4,3,0.25,232.65,0.00,N/A
104.21.9.13,4,3,0.25,233.36,0.00,N/A
104.19.160.32,4,3,0.25,234.72,0.00,N/A
104.21.58.175,4,3,0.25,234.77,0.00,N/A
172.67.220.236,4,3,0.25,234.79,0.00,N/A
162.159.7.161,4,3,0.25,235.58,0.00,N/A
104.19.84.157,4,3,0.25,235.61,0.00,N/A
104.16.211.208,4,3,0.25,235.86,0.00,N/A
104.18.243.77,4,3,0.25,237.12,0.00,N/A
172.67.217.240,4,3,0.25,238.03,0.00,N/A
172.67.219.51,4,3,0.25,238.64,0.00,N/A
104.19.75.223,4,3,0.25,239.77,0.00,N/A
104.21.39.161,4,3,0.25,239.78,0.00,N/A
172.67.250.234,4,3,0.25,239.85,0.00,N/A
104.21.125.50,4,3,0.25,240.77,0.00,N/A
104.17.40.37,4,3,0.25,241.11,0.00,N/A
104.21.61.36,4,3,0.25,241.76,0.00,N/A
172.67.246.106,4,3,0.25,242.09,0.00,N/A
172.67.255.212,4,3,0.25,243.02,0.00,N/A
104.16.228.223,4,3,0.25,243.10,0.00,N/A
104.21.63.40,4,3,0.25,243.37,0.00,N/A
104.19.79.26,4,3,0.25,243.66,0.00,N/A
104.21.90.89,4,3,0.25,245.12,0.00,N/A
104.21.91.252,4,3,0.25,248.01,0.00,N/A
104.19.99.114,4,3,0.25,248.71,0.00,N/A
104.18.220.135,4,3,0.25,248.95,0.00,N/A
104.17.156.56,4,3,0.25,249.01,0.00,N/A
104.16.156.57,4,3,0.25,249.55,0.00,N/A
104.19.13.228,4,3,0.25,250.32,0.00,N/A
104.16.223.248,4,3,0.25,250.33,0.00,N/A
104.21.84.7,4,3,0.25,253.21,0.00,N/A
104.21.32.10,4,3,0.25,254.79,0.00,N/A
104.19.52.148,4,3,0.25,255.58,0.00,N/A
188.114.99.114,4,3,0.25,256.25,0.00,N/A
162.159.26.85,4,3,0.25,257.47,0.00,N/A
104.17.24.239,4,3,0.25,259.24,0.00,N/A
104.17.46.40,4,3,0.25,259.94,0.00,N/A
104.16.237.232,4,3,0.25,263.49,0.00,N/A
104.16.172.243,4,3,0.25,266.25,0.00,N/A
104.16.244.83,4,3,0.25,269.50,0.00,N/A
104.16.248.22,4,3,0.25,270.58,0.00,N/A
104.19.9.231,4,3,0.25,274.11,0.00,N/A
104.17.26.25,4,3,0.25,277.95,0.00,N/A
104.18.143.96,4,3,0.25,280.35,0.00,N/A
104.16.254.154,4,3,0.25,290.76,0.00,N/A
104.16.128.24,4,3,0.25,295.17,0.00,N/A
104.16.217.215,4,3,0.25,296.90,0.00,N/A
104.16.243.152,4,3,0.25,298.05,0.00,N/A
104.19.74.232,4,3,0.25,301.24,0.00,N/A
104.16.186.132,4,3,0.25,301.86,0.00,N/A
104.19.22.68,4,3,0.25,305.49,0.00,N/A
104.17.25.230,4,3,0.25,305.60,0.00,N/A
162.159.12.250,4,3,0.25,333.08,0.00,N/A
104.16.232.127,4,2,0.50,165.77,0.00,N/A
172.65.211.195,4,2,0.50,166.03,0.00,N/A
104.16.210.63,4,2,0.50,166.28,0.00,N/A
104.18.202.245,4,2,0.50,167.10,0.00,N/A
104.19.32.244,4,2,0.50,168.25,0.00,N/A
104.19.47.130,4,2,0.50,168.65,0.00,N/A
104.19.28.39,4,2,0.50,168.73,0.00,N/A
104.19.62.128,4,2,0.50,169.06,0.00,N/A
104.18.236.37,4,2,0.50,169.51,0.00,N/A
104.16.213.127,4,2,0.50,169.63,0.00,N/A
104.19.5.114,4,2,0.50,169.63,0.00,N/A
172.65.214.236,4,2,0.50,169.80,0.00,N/A
104.19.34.192,4,2,0.50,170.53,0.00,N/A
172.65.217.13,4,2,0.50,170.61,0.00,N/A
104.18.255.70,4,2,0.50,171.30,0.00,N/A
104.18.228.127,4,2,0.50,171.34,0.00,N/A
104.16.196.113,4,2,0.50,171.73,0.00,N/A
104.18.200.77,4,2,0.50,171.82,0.00,N/A
104.19.29.149,4,2,0.50,172.26,0.00,N/A
104.18.246.66,4,2,0.50,172.34,0.00,N/A
104.19.53.109,4,2,0.50,172.43,0.00,N/A
104.17.9.181,4,2,0.50,172.74,0.00,N/A
172.65.208.209,4,2,0.50,173.03,0.00,N/A
104.18.219.64,4,2,0.50,173.10,0.00,N/A
104.19.6.132,4,2,0.50,173.37,0.00,N/A
104.19.66.0,4,2,0.50,173.63,0.00,N/A
172.65.193.184,4,2,0.50,173.81,0.00,N/A
104.19.25.178,4,2,0.50,174.11,0.00,N/A
104.16.230.87,4,2,0.50,174.42,0.00,N/A
104.16.225.15,4,2,0.50,174.97,0.00,N/A
104.17.6.82,4,2,0.50,175.80,0.00,N/A
104.16.168.243,4,2,0.50,176.35,0.00,N/A
162.159.46.227,4,2,0.50,176.41,0.00,N/A
104.18.247.48,4,2,0.50,176.50,0.00,N/A
104.19.19.210,4,2,0.50,177.17,0.00,N/A
172.65.215.191,4,2,0.50,177.38,0.00,N/A
172.65.228.103,4,2,0.50,177.92,0.00,N/A
104.19.54.104,4,2,0.50,178.14,0.00,N/A
172.65.209.80,4,2,0.50,178.23,0.00,N/A
172.64.149.174,4,2,0.50,178.96,0.00,N/A
108.162.194.75,4,2,0.50,179.04,0.00,N/A
104.27.113.13,4,2,0.50,179.52,0.00,N/A
104.18.198.55,4,2,0.50,180.07,0.00,N/A
104.19.60.74,4,2,0.50,180.28,0.00,N/A
104.17.67.158,4,2,0.50,180.45,0.00,N/A
104.19.241.60,4,2,0.50,180.59,0.00,N/A
172.65.131.127,4,2,0.50,180.84,0.00,N/A
104.16.181.177,4,2,0.50,181.33,0.00,N/A
172.67.111.160,4,2,0.50,181.90,0.00,N/A
104.27.89.177,4,2,0.50,182.25,0.00,N/A
104.25.1.205,4,2,0.50,182.37,0.00,N/A
104.27.121.46,4,2,0.50,182.55,0.00,N/A
104.25.156.2,4,2,0.50,182.89,0.00,N/A
172.65.242.204,4,2,0.50,183.62,0.00,N/A
172.65.161.140,4,2,0.50,183.64,0.00,N/A
104.27.94.162,4,2,0.50,184.37,0.00,N/A
104.25.145.241,4,2,0.50,184.61,0.00,N/A
104.25.167.30,4,2,0.50,185.29,0.00,N/A
104.25.61.52,4,2,0.50,185.51,0.00,N/A
104.16.236.16,4,2,0.50,186.96,0.00,N/A
172.65.210.45,4,2,0.50,186.99,0.00,N/A
104.16.204.13,4,2,0.50,187.11,0.00,N/A
172.64.146.66,4,2,0.50,187.42,0.00,N/A
172.65.134.158,4,2,0.50,187.58,0.00,N/A
172.65.226.202,4,2,0.50,187.86,0.00,N/A
104.25.103.134,4,2,0.50,189.11,0.00,N/A
172.65.190.155,4,2,0.50,189.11,0.00,N/A
104.27.73.8,4,2,0.50,189.20,0.00,N/A
172.65.92.58,4,2,0.50,189.23,0.00,N/A
104.25.125.82,4,2,0.50,189.24,0.00,N/A
104.27.124.170,4,2,0.50,189.25,0.00,N/A
104.27.114.18,4,2,0.50,189.58,0.00,N/A
104.25.204.1,4,2,0.50,189.60,0.00,N/A
104.25.147.35,4,2,0.50,189.62,0.00,N/A
104.25.30.42,4,2,0.50,189.70,0.00,N/A
104.27.53.231,4,2,0.50,189.94,0.00,N/A
104.23.112.114,4,2,0.50,190.05,0.00,N/A
104.25.150.43,4,2,0.50,190.41,0.00,N/A
104.17.28.28,4,2,0.50,190.48,0.00,N/A
104.25.163.122,4,2,0.50,190.63,0.00,N/A
104.25.92.129,4,2,0.50,190.84,0.00,N/A
104.16.174.195,4,2,0.50,191.23,0.00,N/A
172.65.180.91,4,2,0.50,191.24,0.00,N/A
172.65.191.61,4,2,0.50,191.38,0.00,N/A
104.25.129.229,4,2,0.50,191.48,0.00,N/A
172.65.140.27,4,2,0.50,191.66,0.00,N/A
104.27.59.198,4,2,0.50,191.79,0.00,N/A
104.27.86.147,4,2,0.50,191.95,0.00,N/A
104.27.123.120,4,2,0.50,192.21,0.00,N/A
162.159.51.244,4,2,0.50,192.76,0.00,N/A
104.16.197.186,4,2,0.50,193.16,0.00,N/A
104.25.79.107,4,2,0.50,193.32,0.00,N/A
172.65.130.170,4,2,0.50,194.25,0.00,N/A
104.27.72.254,4,2,0.50,194.69,0.00,N/A
172.65.189.137,4,2,0.50,195.25,0.00,N/A
104.25.114.125,4,2,0.50,195.28,0.00,N/A
104.25.153.60,4,2,0.50,195.49,0.00,N/A
104.27.95.5,4,2,0.50,196.06,0.00,N/A
172.65.82.218,4,2,0.50,196.10,0.00,N/A
104.16.202.120,4,2,0.50,196.33,0.00,N/A
104.27.54.21,4,2,0.50,196.33,0.00,N/A
172.65.127.66,4,2,0.50,196.40,0.00,N/A
172.66.145.171,4,2,0.50,196.63,0.00,N/A
104.27.112.128,4,2,0.50,196.68,0.00,N/A
104.25.107.63,4,2,0.50,197.10,0.00,N/A
104.23.115.58,4,2,0.50,197.14,0.00,N/A
172.67.147.131,4,2,0.50,197.27,0.00,N/A
104.27.65.58,4,2,0.50,197.46,0.00,N/A
104.25.38.160,4,2,0.50,197.66,0.00,N/A
104.16.235.17,4,2,0.50,197.72,0.00,N/A
104.25.166.221,4,2,0.50,197.78,0.00,N/A
104.25.39.109,4,2,0.50,197.83,0.00,N/A
104.25.21.254,4,2,0.50,198.45,0.00,N/A
172.65.172.134,4,2,0.50,198.48,0.00,N/A
104.25.102.240,4,2,0.50,198.58,0.00,N/A
104.25.202.146,4,2,0.50,198.61,0.00,N/A
104.25.128.235,4,2,0.50,198.76,0.00,N/A
104.25.19.188,4,2,0.50,199.01,0.00,N/A
104.25.91.90,4,2,0.50,199.07,0.00,N/A
104.16.206.246,4,2,0.50,199.23,0.00,N/A
172.65.168.169,4,2,0.50,199.43,0.00,N/A
172.65.139.219,4,2,0.50,200.38,0.00,N/A
104.27.127.17,4,2,0.50,200.40,0.00,N/A
172.67.114.185,4,2,0.50,201.63,0.00,N/A
104.24.245.37,4,2,0.50,201.73,0.00,N/A
104.18.233.82,4,2,0.50,201.99,0.00,N/A
104.23.134.70,4,2,0.50,202.04,0.00,N/A
104.27.45.21,4,2,0.50,202.21,0.00,N/A
104.25.76.224,4,2,0.50,202.43,0.00,N/A
104.25.69.222,4,2,0.50,202.52,0.00,N/A
172.65.244.105,4,2,0.50,202.69,0.00,N/A
172.66.196.154,4,2,0.50,202.74,0.00,N/A
172.65.167.167,4,2,0.50,202.94,0.00,N/A
104.25.117.55,4,2,0.50,203.07,0.00,N/A
104.25.132.250,4,2,0.50,203.24,0.00,N/A
104.19.23.120,4,2,0.50,203.25,0.00,N/A
172.67.193.52,4,2,0.50,203.42,0.00,N/A
104.16.231.173,4,2,0.50,203.75,0.00,N/A
104.25.111.179,4,2,0.50,203.81,0.00,N/A
172.65.145.26,4,2,0.50,203.95,0.00,N/A
172.67.122.116,4,2,0.50,204.07,0.00,N/A
104.27.87.198,4,2,0.50,204.25,0.00,N/A
104.16.250.187,4,2,0.50,204.32,0.00,N/A
172.65.192.175,4,2,0.50,204.45,0.00,N/A
172.65.178.57,4,2,0.50,204.62,0.00,N/A
104.27.43.169,4,2,0.50,204.75,0.00,N/A
172.67.112.161,4,2,0.50,204.87,0.00,N/A
162.159.42.97,4,2,0.50,205.12,0.00,N/A
172.67.238.4,4,2,0.50,205.90,0.00,N/A
172.67.243.192,4,2,0.50,205.92,0.00,N/A
104.23.98.14,4,2,0.50,205.99,0.00,N/A
104.27.71.131,4,2,0.50,206.35,0.00,N/A
104.25.182.99,4,2,0.50,206.55,0.00,N/A
104.17.15.149,4,2,0.50,206.97,0.00,N/A
104.25.89.4,4,2,0.50,207.06,0.00,N/A
104.27.88.10,4,2,0.50,207.06,0.00,N/A
104.25.78.37,4,2,0.50,208.03,0.00,N/A
104.23.101.18,4,2,0.50,208.19,0.00,N/A
104.25.162.191,4,2,0.50,208.30,0.00,N/A
104.16.209.136,4,2,0.50,208.41,0.00,N/A
104.27.46.19,4,2,0.50,209.08,0.00,N/A
104.25.148.28,4,2,0.50,209.50,0.00,N/A
104.25.72.41,4,2,0.50,209.60,0.00,N/A
104.27.69.216,4,2,0.50,209.81,0.00,N/A
172.65.124.65,4,2,0.50,209.92,0.00,N/A
104.25.123.30,4,2,0.50,210.09,0.00,N/A
104.25.143.37,4,2,0.50,210.44,0.00,N/A
104.27.74.218,4,2,0.50,210.49,0.00,N/A
104.25.71.180,4,2,0.50,211.95,0.00,N/A
104.25.110.235,4,2,0.50,212.26,0.00,N/A
172.67.230.47,4,2,0.50,212.26,0.00,N/A
104.25.106.176,4,2,0.50,212.27,0.00,N/A
104.25.119.239,4,2,0.50,212.62,0.00,N/A
104.25.18.74,4,2,0.50,213.15,0.00,N/A
104.24.254.26,4,2,0.50,213.23,0.00,N/A
172.67.226.119,4,2,0.50,213.24,0.00,N/A
172.67.179.228,4,2,0.50,213.75,0.00,N/A
104.25.159.108,4,2,0.50,214.22,0.00,N/A
172.67.117.58,4,2,0.50,214.58,0.00,N/A
104.27.56.251,4,2,0.50,214.91,0.00,N/A
172.67.224.75,4,2,0.50,215.10,0.00,N/A
172.65.129.88,4,2,0.50,215.35,0.00,N/A
172.67.249.143,4,2,0.50,215.54,0.00,N/A
172.67.43.168,4,2,0.50,216.97,0.00,N/A
172.67.227.148,4,2,0.50,217.04,0.00,N/A
172.67.36.28,4,2,0.50,218.39,0.00,N/A
104.18.254.179,4,2,0.50,218.56,0.00,N/A
172.67.144.231,4,2,0.50,219.65,0.00,N/A
104.21.100.208,4,2,0.50,219.97,0.00,N/A
104.25.70.253,4,2,0.50,220.19,0.00,N/A
104.21.94.224,4,2,0.50,220.34,0.00,N/A
104.21.89.3,4,2,0.50,220.83,0.00,N/A
172.67.229.25,4,2,0.50,222.55,0.00,N/A
104.21.68.236,4,2,0.50,222.66,0.00,N/A
172.67.233.144,4,2,0.50,222.73,0.00,N/A
104.21.62.90,4,2,0.50,223.24,0.00,N/A
172.67.245.123,4,2,0.50,223.47,0.00,N/A
104.21.36.9,4,2,0.50,223.48,0.00,N/A
198.41.214.181,4,2,0.50,223.61,0.00,N/A
172.67.196.9,4,2,0.50,223.67,0.00,N/A
172.67.171.87,4,2,0.50,224.33,0.00,N/A
104.21.73.62,4,2,0.50,224.38,0.00,N/A
104.18.214.143,4,2,0.50,225.16,0.00,N/A
104.19.16.151,4,2,0.50,225.38,0.00,N/A
172.67.133.180,4,2,0.50,225.94,0.00,N/A
104.21.45.36,4,2,0.50,226.22,0.00,N/A
104.17.11.9,4,2,0.50,227.71,0.00,N/A
172.67.150.56,4,2,0.50,227.74,0.00,N/A
104.21.22.214,4,2,0.50,227.81,0.00,N/A
104.21.79.9,4,2,0.50,228.13,0.00,N/A
104.17.12.216,4,2,0.50,228.19,0.00,N/A
104.21.51.135,4,2,0.50,228.24,0.00,N/A
104.21.35.76,4,2,0.50,228.26,0.00,N/A
104.21.47.241,4,2,0.50,228.45,0.00,N/A
172.67.236.31,4,2,0.50,228.80,0.00,N/A
172.67.148.83,4,2,0.50,229.02,0.00,N/A
104.16.227.253,4,2,0.50,229.10,0.00,N/A
172.67.239.243,4,2,0.50,229.11,0.00,N/A
172.67.184.224,4,2,0.50,229.43,0.00,N/A
172.67.200.95,4,2,0.50,230.74,0.00,N/A
104.21.117.130,4,2,0.50,231.99,0.00,N/A
104.21.38.25,4,2,0.50,232.07,0.00,N/A
172.67.235.165,4,2,0.50,232.51,0.00,N/A
172.67.191.89,4,2,0.50,232.92,0.00,N/A
104.21.78.31,4,2,0.50,233.48,0.00,N/A
172.64.235.13,4,2,0.50,233.52,0.00,N/A
104.17.5.111,4,2,0.50,234.38,0.00,N/A
172.67.163.174,4,2,0.50,234.60,0.00,N/A
172.65.23.28,4,2,0.50,235.39,0.00,N/A
104.21.77.247,4,2,0.50,235.64,0.00,N/A
104.21.95.112,4,2,0.50,235.92,0.00,N/A
172.67.234.190,4,2,0.50,236.33,0.00,N/A
104.21.80.214,4,2,0.50,236.43,0.00,N/A
172.67.187.174,4,2,0.50,236.78,0.00,N/A
104.21.72.115,4,2,0.50,236.98,0.00,N/A
104.16.249.247,4,2,0.50,237.12,0.00,N/A
172.67.222.130,4,2,0.50,237.44,0.00,N/A
172.67.232.134,4,2,0.50,237.45,0.00,N/A
172.67.186.23,4,2,0.50,237.52,0.00,N/A
172.67.146.102,4,2,0.50,237.54,0.00,N/A
104.21.71.65,4,2,0.50,238.21,0.00,N/A
172.67.240.219,4,2,0.50,238.31,0.00,N/A
104.19.31.159,4,2,0.50,238.99,0.00,N/A
172.67.209.179,4,2,0.50,239.14,0.00,N/A
104.18.203.126,4,2,0.50,240.80,0.00,N/A
172.67.225.16,4,2,0.50,241.65,0.00,N/A
104.19.20.215,4,2,0.50,241.67,0.00,N/A
104.18.199.178,4,2,0.50,241.70,0.00,N/A
104.21.93.155,4,2,0.50,242.14,0.00,N/A
104.21.105.247,4,2,0.50,242.39,0.00,N/A
172.67.237.203,4,2,0.50,243.20,0.00,N/A
104.21.67.19,4,2,0.50,244.70,0.00,N/A
172.67.129.156,4,2,0.50,245.99,0.00,N/A
172.67.242.188,4,2,0.50,246.07,0.00,N/A
172.67.201.160,4,2,0.50,246.09,0.00,N/A
172.67.228.250,4,2,0.50,246.47,0.00,N/A
172.67.195.214,4,2,0.50,247.36,0.00,N/A
104.17.23.35,4,2,0.50,250.13,0.00,N/A
104.16.252.241,4,2,0.50,251.28,0.00,N/A
104.18.249.186,4,2,0.50,252.02,0.00,N/A
172.67.248.187,4,2,0.50,252.07,0.00,N/A
172.67.131.46,4,2,0.50,252.28,0.00,N/A
104.17.0.9,4,2,0.50,252.95,0.00,N/A
172.67.204.103,4,2,0.50,254.53,0.00,N/A
104.16.179.117,4,2,0.50,254.91,0.00,N/A
172.65.12.220,4,2,0.50,256.55,0.00,N/A
172.67.176.156,4,2,0.50,256.81,0.00,N/A
172.65.231.8,4,2,0.50,258.67,0.00,N/A
104.16.203.254,4,2,0.50,262.04,0.00,N/A
104.19.41.46,4,2,0.50,265.39,0.00,N/A
104.16.221.213,4,2,0.50,268.02,0.00,N/A
104.19.97.228,4,2,0.50,269.77,0.00,N/A
104.19.38.43,4,2,0.50,275.62,0.00,N/A
104.16.205.95,4,2,0.50,282.59,0.00,N/A
162.159.0.137,4,2,0.50,283.38,0.00,N/A
162.159.32.3,4,2,0.50,291.78,0.00,N/A
162.159.36.48,4,2,0.50,296.85,0.00,N/A
104.16.182.109,4,2,0.50,308.08,0.00,N/A
104.17.1.92,4,2,0.50,315.93,0.00,N/A
104.19.72.245,4,2,0.50,319.16,0.00,N/A
104.16.229.45,4,2,0.50,321.22,0.00,N/A
190.93.245.152,4,2,0.50,336.90,0.00,N/A
104.17.7.145,4,2,0.50,349.57,0.00,N/A
104.18.213.14,4,1,0.75,163.67,0.00,N/A
104.19.30.199,4,1,0.75,164.04,0.00,N/A
104.18.252.219,4,1,0.75,164.51,0.00,N/A
104.18.237.110,4,1,0.75,165.68,0.00,N/A
104.16.188.172,4,1,0.75,166.77,0.00,N/A
104.18.217.241,4,1,0.75,167.06,0.00,N/A
172.65.246.132,4,1,0.75,168.13,0.00,N/A
104.19.65.194,4,1,0.75,168.13,0.00,N/A
104.16.214.194,4,1,0.75,168.14,0.00,N/A
104.16.199.146,4,1,0.75,169.13,0.00,N/A
104.16.187.85,4,1,0.75,169.21,0.00,N/A
104.18.201.59,4,1,0.75,169.94,0.00,N/A
104.16.200.21,4,1,0.75,170.40,0.00,N/A
104.19.7.172,4,1,0.75,171.16,0.00,N/A
104.16.233.87,4,1,0.75,171.19,0.00,N/A
104.18.241.152,4,1,0.75,171.42,0.00,N/A
104.18.212.123,4,1,0.75,171.42,0.00,N/A
104.16.239.52,4,1,0.75,171.47,0.00,N/A
104.18.244.113,4,1,0.75,171.79,0.00,N/A
172.65.227.240,4,1,0.75,171.86,0.00,N/A
172.65.251.201,4,1,0.75,172.89,0.00,N/A
104.17.75.226,4,1,0.75,173.25,0.00,N/A
104.18.223.101,4,1,0.75,173.25,0.00,N/A
104.18.229.11,4,1,0.75,173.40,0.00,N/A
104.19.37.75,4,1,0.75,173.70,0.00,N/A
104.16.177.246,4,1,0.75,174.08,0.00,N/A
104.18.218.96,4,1,0.75,174.15,0.00,N/A
104.16.240.184,4,1,0.75,174.20,0.00,N/A
104.16.241.21,4,1,0.75,174.25,0.00,N/A
104.21.237.45,4,1,0.75,176.08,0.00,N/A
104.17.30.19,4,1,0.75,176.25,0.00,N/A
104.18.225.76,4,1,0.75,176.46,0.00,N/A
172.65.229.96,4,1,0.75,176.57,0.00,N/A
104.19.26.118,4,1,0.75,176.57,0.00,N/A
104.17.45.234,4,1,0.75,176.78,0.00,N/A
172.65.219.91,4,1,0.75,176.96,0.00,N/A
198.41.223.198,4,1,0.75,177.06,0.00,N/A
172.65.222.206,4,1,0.75,178.64,0.00,N/A
190.93.246.193,4,1,0.75,179.66,0.00,N/A
104.25.75.19,4,1,0.75,179.71,0.00,N/A
104.18.226.224,4,1,0.75,180.63,0.00,N/A
108.162.193.248,4,1,0.75,181.13,0.00,N/A
104.25.31.119,4,1,0.75,181.94,0.00,N/A
172.67.110.213,4,1,0.75,182.15,0.00,N/A
162.159.41.63,4,1,0.75,182.80,0.00,N/A
104.25.8.235,4,1,0.75,182.84,0.00,N/A
104.25.105.177,4,1,0.75,182.97,0.00,N/A
104.25.29.162,4,1,0.75,183.02,0.00,N/A
172.67.118.15,4,1,0.75,183.07,0.00,N/A
172.65.174.192,4,1,0.75,183.14,0.00,N/A
104.25.50.20,4,1,0.75,183.59,0.00,N/A
104.21.239.56,4,1,0.75,183.60,0.00,N/A
172.65.159.113,4,1,0.75,183.75,0.00,N/A
104.25.41.41,4,1,0.75,183.86,0.00,N/A
104.25.168.83,4,1,0.75,184.24,0.00,N/A
104.23.123.173,4,1,0.75,184.85,0.00,N/A
104.23.116.70,4,1,0.75,184.85,0.00,N/A
104.25.170.252,4,1,0.75,184.94,0.00,N/A
104.27.42.251,4,1,0.75,185.19,0.00,N/A
172.65.234.41,4,1,0.75,185.35,0.00,N/A
104.16.7.148,4,1,0.75,185.90,0.00,N/A
162.159.128.78,4,1,0.75,185.91,0.00,N/A
104.25.85.217,4,1,0.75,186.13,0.00,N/A
104.25.23.29,4,1,0.75,186.50,0.00,N/A
104.23.141.211,4,1,0.75,186.78,0.00,N/A
104.27.76.127,4,1,0.75,187.87,0.00,N/A
104.16.157.22,4,1,0.75,188.21,0.00,N/A
104.25.178.192,4,1,0.75,189.04,0.00,N/A
104.17.241.221,4,1,0.75,190.77,0.00,N/A
104.19.96.75,4,1,0.75,190.80,0.00,N/A
162.159.245.6,4,1,0.75,191.48,0.00,N/A
104.23.129.59,4,1,0.75,192.33,0.00,N/A
162.159.243.54,4,1,0.75,192.36,0.00,N/A
104.27.92.55,4,1,0.75,192.62,0.00,N/A
104.25.65.123,4,1,0.75,192.95,0.00,N/A
104.25.157.69,4,1,0.75,193.41,0.00,N/A
172.65.158.237,4,1,0.75,194.02,0.00,N/A
104.19.2.132,4,1,0.75,194.04,0.00,N/A
104.23.114.211,4,1,0.75,194.68,0.00,N/A
104.27.52.65,4,1,0.75,194.82,0.00,N/A
104.25.116.110,4,1,0.75,194.86,0.00,N/A
172.65.179.128,4,1,0.75,194.91,0.00,N/A
104.25.124.114,4,1,0.75,195.15,0.00,N/A
104.25.0.192,4,1,0.75,195.22,0.00,N/A
104.25.86.81,4,1,0.75,195.43,0.00,N/A
104.25.144.144,4,1,0.75,195.68,0.00,N/A
104.25.10.30,4,1,0.75,195.76,0.00,N/A
172.65.173.33,4,1,0.75,195.82,0.00,N/A
104.25.173.172,4,1,0.75,196.16,0.00,N/A
104.25.73.32,4,1,0.75,196.44,0.00,N/A
104.27.75.93,4,1,0.75,196.77,0.00,N/A
104.27.91.117,4,1,0.75,197.12,0.00,N/A
104.25.140.229,4,1,0.75,197.32,0.00,N/A
172.65.185.64,4,1,0.75,197.33,0.00,N/A
104.25.66.201,4,1,0.75,197.39,0.00,N/A
172.65.142.109,4,1,0.75,197.51,0.00,N/A
172.65.175.0,4,1,0.75,197.54,0.00,N/A
172.65.164.223,4,1,0.75,197.54,0.00,N/A
104.16.102.58,4,1,0.75,197.81,0.00,N/A
172.65.133.234,4,1,0.75,197.83,0.00,N/A
104.25.133.24,4,1,0.75,197.83,0.00,N/A
104.25.81.166,4,1,0.75,197.91,0.00,N/A
172.67.134.70,4,1,0.75,198.12,0.00,N/A
104.25.127.129,4,1,0.75,198.41,0.00,N/A
104.27.68.180,4,1,0.75,198.52,0.00,N/A
104.25.113.193,4,1,0.75,198.67,0.00,N/A
104.27.61.7,4,1,0.75,198.77,0.00,N/A
172.65.156.55,4,1,0.75,198.83,0.00,N/A
172.65.132.228,4,1,0.75,199.10,0.00,N/A
104.23.106.123,4,1,0.75,199.24,0.00,N/A
172.67.172.253,4,1,0.75,199.41,0.00,N/A
172.67.113.106,4,1,0.75,199.41,0.00,N/A
104.18.151.71,4,1,0.75,199.45,0.00,N/A
104.25.44.230,4,1,0.75,199.53,0.00,N/A
172.65.183.239,4,1,0.75,199.54,0.00,N/A
104.21.16.108,4,1,0.75,200.13,0.00,N/A
172.65.188.8,4,1,0.75,200.15,0.00,N/A
172.65.160.83,4,1,0.75,200.30,0.00,N/A
104.27.78.3,4,1,0.75,200.46,0.00,N/A
104.27.80.42,4,1,0.75,200.69,0.00,N/A
104.27.82.19,4,1,0.75,200.93,0.00,N/A
104.18.150.215,4,1,0.75,201.21,0.00,N/A
104.25.82.130,4,1,0.75,201.26,0.00,N/A
172.67.132.213,4,1,0.75,201.42,0.00,N/A
104.25.165.110,4,1,0.75,203.09,0.00,N/A
172.67.116.7,4,1,0.75,204.09,0.00,N/A
172.67.79.153,4,1,0.75,205.89,0.00,N/A
104.25.177.29,4,1,0.75,206.47,0.00,N/A
104.23.127.84,4,1,0.75,206.79,0.00,N/A
172.65.157.26,4,1,0.75,206.81,0.00,N/A
172.65.143.100,4,1,0.75,207.04,0.00,N/A
172.67.213.100,4,1,0.75,207.71,0.00,N/A
172.67.120.9,4,1,0.75,207.72,0.00,N/A
172.67.153.129,4,1,0.75,208.63,0.00,N/A
172.67.125.200,4,1,0.75,208.65,0.00,N/A
104.25.149.106,4,1,0.75,208.83,0.00,N/A
162.159.34.226,4,1,0.75,209.01,0.00,N/A
104.21.104.184,4,1,0.75,209.12,0.00,N/A
172.67.212.137,4,1,0.75,209.67,0.00,N/A
172.67.123.136,4,1,0.75,209.89,0.00,N/A
104.21.0.77,4,1,0.75,210.27,0.00,N/A
172.65.170.217,4,1,0.75,210.29,0.00,N/A
104.27.35.43,4,1,0.75,210.34,0.00,N/A
104.27.79.195,4,1,0.75,210.51,0.00,N/A
104.27.63.69,4,1,0.75,210.53,0.00,N/A
104.25.26.185,4,1,0.75,210.61,0.00,N/A
104.25.42.149,4,1,0.75,210.70,0.00,N/A
198.41.196.53,4,1,0.75,210.92,0.00,N/A
172.65.202.128,4,1,0.75,211.10,0.00,N/A
104.17.17.118,4,1,0.75,211.16,0.00,N/A
104.25.126.214,4,1,0.75,211.18,0.00,N/A
172.65.123.189,4,1,0.75,211.24,0.00,N/A
104.27.60.48,4,1,0.75,211.46,0.00,N/A
172.65.186.1,4,1,0.75,211.52,0.00,N/A
172.65.86.79,4,1,0.75,211.57,0.00,N/A
104.21.10.53,4,1,0.75,211.76,0.00,N/A
172.65.184.152,4,1,0.75,211.78,0.00,N/A
104.27.70.234,4,1,0.75,211.98,0.00,N/A
172.67.168.42,4,1,0.75,212.00,0.00,N/A
104.21.99.173,4,1,0.75,212.05,0.00,N/A
172.65.181.172,4,1,0.75,212.07,0.00,N/A
172.67.203.54,4,1,0.75,212.08,0.00,N/A
104.27.50.143,4,1,0.75,212.10,0.00,N/A
104.21.53.192,4,1,0.75,212.10,0.00,N/A
172.67.206.8,4,1,0.75,212.26,0.00,N/A
104.27.77.89,4,1,0.75,212.28,0.00,N/A
104.25.151.104,4,1,0.75,212.32,0.00,N/A
104.21.12.16,4,1,0.75,212.68,0.00,N/A
104.21.17.104,4,1,0.75,212.70,0.00,N/A
172.65.187.74,4,1,0.75,212.74,0.00,N/A
104.25.33.231,4,1,0.75,212.80,0.00,N/A
104.25.141.117,4,1,0.75,213.00,0.00,N/A
104.27.67.150,4,1,0.75,213.13,0.00,N/A
172.65.144.178,4,1,0.75,213.20,0.00,N/A
104.21.52.226,4,1,0.75,213.68,0.00,N/A
172.65.177.1,4,1,0.75,213.78,0.00,N/A
104.27.58.213,4,1,0.75,214.07,0.00,N/A
172.67.178.33,4,1,0.75,214.39,0.00,N/A
172.67.127.189,4,1,0.75,214.40,0.00,N/A
172.67.167.87,4,1,0.75,214.48,0.00,N/A
104.21.96.216,4,1,0.75,214.66,0.00,N/A
104.21.103.195,4,1,0.75,214.83,0.00,N/A
104.23.122.11,4,1,0.75,214.85,0.00,N/A
104.21.87.122,4,1,0.75,214.92,0.00,N/A
172.67.185.245,4,1,0.75,214.92,0.00,N/A
172.65.91.153,4,1,0.75,215.02,0.00,N/A
104.27.97.215,4,1,0.75,215.05,0.00,N/A
104.25.142.8,4,1,0.75,215.25,0.00,N/A
104.23.132.217,4,1,0.75,215.33,0.00,N/A
172.67.145.128,4,1,0.75,215.37,0.00,N/A
172.67.210.240,4,1,0.75,215.43,0.00,N/A
172.67.182.141,4,1,0.75,215.57,0.00,N/A
172.67.170.100,4,1,0.75,215.85,0.00,N/A
172.67.215.56,4,1,0.75,216.24,0.00,N/A
172.65.176.224,4,1,0.75,216.76,0.00,N/A
172.67.151.13,4,1,0.75,217.05,0.00,N/A
104.21.198.22,4,1,0.75,217.27,0.00,N/A
104.21.50.44,4,1,0.75,217.36,0.00,N/A
104.25.32.177,4,1,0.75,217.38,0.00,N/A
104.19.35.200,4,1,0.75,217.44,0.00,N/A
104.21.115.123,4,1,0.75,217.72,0.00,N/A
104.21.20.237,4,1,0.75,218.20,0.00,N/A
172.67.173.238,4,1,0.75,218.40,0.00,N/A
104.25.231.57,4,1,0.75,218.45,0.00,N/A
104.21.106.152,4,1,0.75,218.58,0.00,N/A
104.27.126.205,4,1,0.75,218.88,0.00,N/A
172.67.124.177,4,1,0.75,219.90,0.00,N/A
172.66.164.0,4,1,0.75,220.22,0.00,N/A
104.21.121.201,4,1,0.75,221.67,0.00,N/A
104.19.45.187,4,1,0.75,221.99,0.00,N/A
104.21.6.226,4,1,0.75,222.78,0.00,N/A
172.67.188.195,4,1,0.75,224.44,0.00,N/A
104.21.59.151,4,1,0.75,224.92,0.00,N/A
104.21.111.210,4,1,0.75,225.97,0.00,N/A
172.65.221.120,4,1,0.75,226.62,0.00,N/A
172.65.93.123,4,1,0.75,226.94,0.00,N/A
104.21.82.137,4,1,0.75,227.02,0.00,N/A
104.21.75.155,4,1,0.75,227.19,0.00,N/A
104.21.4.103,4,1,0.75,227.65,0.00,N/A
172.65.218.115,4,1,0.75,228.33,0.00,N/A
172.67.183.190,4,1,0.75,228.38,0.00,N/A
172.65.225.135,4,1,0.75,228.57,0.00,N/A
104.21.18.142,4,1,0.75,228.62,0.00,N/A
172.67.216.164,4,1,0.75,229.22,0.00,N/A
104.21.41.229,4,1,0.75,229.28,0.00,N/A
104.21.86.97,4,1,0.75,229.30,0.00,N/A
104.21.54.37,4,1,0.75,229.37,0.00,N/A
172.67.190.171,4,1,0.75,229.48,0.00,N/A
172.67.194.139,4,1,0.75,229.59,0.00,N/A
104.21.40.93,4,1,0.75,229.68,0.00,N/A
172.67.180.110,4,1,0.75,229.94,0.00,N/A
172.67.166.204,4,1,0.75,230.28,0.00,N/A
104.21.74.128,4,1,0.75,230.60,0.00,N/A
172.67.214.107,4,1,0.75,230.77,0.00,N/A
172.67.175.89,4,1,0.75,231.01,0.00,N/A
104.16.175.228,4,1,0.75,231.75,0.00,N/A
104.21.48.8,4,1,0.75,232.07,0.00,N/A
104.21.37.104,4,1,0.75,232.16,0.00,N/A
104.21.8.192,4,1,0.75,233.78,0.00,N/A
172.67.202.238,4,1,0.75,235.09,0.00,N/A
172.67.205.247,4,1,0.75,235.42,0.00,N/A
172.65.223.201,4,1,0.75,236.56,0.00,N/A
104.21.193.204,4,1,0.75,236.93,0.00,N/A
104.21.102.58,4,1,0.75,236.95,0.00,N/A
104.18.231.140,4,1,0.75,238.04,0.00,N/A
172.67.154.197,4,1,0.75,240.34,0.00,N/A
104.16.180.108,4,1,0.75,242.44,0.00,N/A
104.21.116.58,4,1,0.75,243.03,0.00,N/A
172.67.136.221,4,1,0.75,243.68,0.00,N/A
104.21.13.66,4,1,0.75,244.41,0.00,N/A
104.21.92.240,4,1,0.75,244.88,0.00,N/A
172.67.157.171,4,1,0.75,245.27,0.00,N/A
104.21.101.247,4,1,0.75,246.05,0.00,N/A
172.67.181.79,4,1,0.75,246.05,0.00,N/A
104.21.118.139,4,1,0.75,246.36,0.00,N/A
172.67.177.56,4,1,0.75,246.65,0.00,N/A
104.21.127.178,4,1,0.75,246.81,0.00,N/A
104.21.98.191,4,1,0.75,247.32,0.00,N/A
104.21.113.193,4,1,0.75,247.69,0.00,N/A
172.67.189.86,4,1,0.75,248.51,0.00,N/A
104.21.2.249,4,1,0.75,248.68,0.00,N/A
104.21.222.98,4,1,0.75,248.68,0.00,N/A
104.18.242.144,4,1,0.75,250.21,0.00,N/A
104.21.126.207,4,1,0.75,251.52,0.00,N/A
104.16.242.230,4,1,0.75,253.13,0.00,N/A
172.67.211.106,4,1,0.75,253.30,0.00,N/A
104.21.114.153,4,1,0.75,256.73,0.00,N/A
104.21.97.15,4,1,0.75,258.68,0.00,N/A
172.67.174.227,4,1,0.75,259.79,0.00,N/A
172.67.198.73,4,1,0.75,259.83,0.00,N/A
104.19.3.200,4,1,0.75,260.44,0.00,N/A
104.19.63.44,4,1,0.75,262.87,0.00,N/A
172.65.32.207,4,1,0.75,263.57,0.00,N/A
104.18.216.81,4,1,0.75,264.24,0.00,N/A
104.21.1.68,4,1,0.75,265.42,0.00,N/A
104.21.81.31,4,1,0.75,265.49,0.00,N/A
104.18.251.232,4,1,0.75,266.91,0.00,N/A
172.67.197.65,4,1,0.75,267.28,0.00,N/A
104.18.156.241,4,1,0.75,269.81,0.00,N/A
172.65.24.244,4,1,0.75,271.18,0.00,N/A
104.16.253.250,4,1,0.75,271.66,0.00,N/A
104.17.4.252,4,1,0.75,273.42,0.00,N/A
104.18.215.115,4,1,0.75,278.16,0.00,N/A
104.16.212.149,4,1,0.75,287.06,0.00,N/A
104.17.13.0,4,1,0.75,290.13,0.00,N/A
141.101.114.149,4,1,0.75,303.88,0.00,N/A
104.18.230.149,4,1,0.75,333.73,0.00,N/A
104.18.248.2,4,1,0.75,346.67,0.00,N/A
104.18.71.193,4,1,0.75,358.68,0.00,N/A
104.17.2.17,4,1,0.75,386.55,0.00,N/A
104.17.216.244,4,1,0.75,398.34,0.00,N/A
